product code,product name,product image
SKCAG,Step Kit Chemical Anchor Glue [300mL],Step Kit Chemical Anchor Glue [300mL]
WS-165-100-150,Wheel Stops [1650 x 100 x 150],Wheel Stops [1650 x 100 x 150]
AG-170-50-SS,Ag Pipe - Slotted Sock [170mm x 50mm Roll],Ag Pipe - Slotted Sock [170mm x 50mm Roll]
FB-700-48-5-SF-OS,Fence Bracket for Steel Fence [700x48x5mm],Fence Bracket for Steel Fence [700x48x5mm]
FB-700-70-8-TF-OS,Fence Bracket for Timber Fence [700x70x8mm],Fence Bracket for Timber Fence [700x70x8mm]
SKB,Step Kit Brackets [2 Plates & 4 Pins per Box],Step Kit Brackets [2 Plates & 4 Pins per Box]
WSF-300-3-A-OS,Wheel Stop Fixings for Asphalt [300mm 3pk],Wheel Stop Fixings for Asphalt [300mm 3pk]
WSF-300-12-A-OS,Wheel Stop Fixings for Asphalt [300mm 12pk],Wheel Stop Fixings for Asphalt [300mm 12pk]
WSF-300-3-C-OS,Wheel Stop Fixings for Concrete [300mm 3pk],Wheel Stop Fixings for Concrete [300mm 3pk]
WSF-300-12-C-OS,Wheel Stop Fixings for Concrete [300mm 12pk],Wheel Stop Fixings for Concrete [300mm 12pk]
SLL-540-390-180-OS,Sleeper Lifter [540x390x180mm] ,Sleeper Lifter [540x390x180mm] 
SLCUT,Custom Sleeper Cutting,Custom Sleeper Cut to Size
SL-2000-200-75-SSC-OS,OS Sleeper Stackstone 2000x200x75mm [CHAR],[Outback Sleepers] Kensington Sleeper [2000 x 200 x 75 mm] - Charcoal
SL-2000-200-100-SSC-OS,OS Sleeper Stackstone 2000x200x100mm [CHAR],[Outback Sleepers] Kensington Sleeper [2000 x 200 x 100 mm] - Charcoal
SL-2000-200-120-SSC-OS,OS Sleeper Stackstone 2000x200x120mm [CHAR],[Outback Sleepers] Kensington Sleeper [2000 x 200 x 120 mm] - Charcoal
SL-2000-200-75-WGC-OS,OS Sleeper Woodgrain 2000x200x75mm [CHAR],[Outback Sleepers] Ashwood Sleeper [2000 x 200 x 75 mm] - Charcoal
SL-2000-200-100-WGC-OS,OS Sleeper Woodgrain 2000x200x100mm [CHAR],[Outback Sleepers] Ashwood Sleeper [2000 x 200 x 100 mm] - Charcoal
SL-2000-200-75-RFC-OS,OS Sleeper Rockface 2000x200x75mm [CHAR],[Outback Sleepers] McLaren Sleeper [2000 x 200 x 75 mm] - Charcoal
SL-2000-200-100-RFC-OS,OS Sleeper Rockface 2000x200x100mm [CHAR],[Outback Sleepers] McLaren Sleeper [2000 x 200 x 100 mm] - Charcoal
SL-2000-200-120-RFC-OS,OS Sleeper Rockface 2000x200x120mm [CHAR],[Outback Sleepers] McLaren Sleeper [2000 x 200 x 120 mm] - Charcoal
SL-2000-200-75-RFS-OS,OS Sleeper Rockface 2000x200x75mm [SAND],[Outback Sleepers] Cove Sleeper [2000 x 200 x 75 mm] - Sandstone
SL-2000-200-100-RFS-OS,OS Sleeper Rockface 2000x200x100mm [SAND],[Outback Sleepers] Cove Sleeper [2000 x 200 x 100 mm] - Sandstone
SL-2000-200-120-RFS-OS,OS Sleeper Rockface 2000x200x120mm [SAND],[Outback Sleepers] Cove Sleeper [2000 x 200 x 120 mm] - Sandstone
SL-2000-200-75-CHA-OS,OS Sleeper Plain Charcoal 2000x200x75mm [CHAR],[Outback Sleepers] Blackwood Sleeper [2000 x 200 x 75 mm] - Charcoal
SL-2000-200-100-CHA-OS,OS Sleeper Plain Charcoal 2000x200x100mm [CHAR],[Outback Sleepers] Blackwood Sleeper [2000 x 200 x 100 mm] - Charcoal
SL-2000-200-120-CHA-OS,OS Sleeper Plain Charcoal 2000x200x120mm [CHAR],[Outback Sleepers] Blackwood Sleeper [2000 x 200 x 120 mm] - Charcoal
SL-2000-200-75-GRY-OS,OS Sleeper Plain Grey 2000x200x75mm [GREY],[Outback Sleepers] Lonsdale Sleeper [2000 x 200 x 75 mm] - Grey
SL-2000-200-100-GRY-OS,OS Sleeper Plain Grey 2000x200x100mm [GREY],[Outback Sleepers] Lonsdale Sleeper [2000 x 200 x 100 mm] - Grey
SL-2000-200-120-GRY-OS,OS Sleeper Plain Grey 2000x200x120mm [GREY],[Outback Sleepers] Lonsdale Sleeper [2000 x 200 x 120 mm] - Grey
SL-2400-200-80-SSC-OS,OS Sleeper Stackstone 2400x200x80mm [CHAR],[Outback Sleepers] Kensington Sleeper [2400 x 200 x 80 mm] - Charcoal
SL-2400-200-100-SSC-OS,OS Sleeper Stackstone 2400x200x100mm [CHAR],[Outback Sleepers] Kensington Sleeper [2400 x 200 x 100 mm] - Charcoal
SL-2400-200-130-SSC-OS,OS Sleeper Stackstone 2400x200x130mm [CHAR],[Outback Sleepers] Kensington Sleeper [2400 x 200 x 130 mm] - Charcoal
SL-2400-200-80-WGC-OS,OS Sleeper Woodgrain 2400x200x80mm [CHAR],[Outback Sleepers] Ashwood Sleeper [2400 x 200 x 80 mm] - Charcoal
SL-2400-200-100-WGC-OS,OS Sleeper Woodgrain 2400x200x100mm [CHAR],[Outback Sleepers] Ashwood Sleeper [2400 x 200 x 100 mm] - Charcoal
SL-2400-200-80-RFC-OS,OS Sleeper Rockface 2400x200x80mm [CHAR],[Outback Sleepers] McLaren Sleeper [2400 x 200 x 80 mm] - Charcoal
SL-2400-200-100-RFC-OS,OS Sleeper Rockface 2400x200x100mm [CHAR],[Outback Sleepers] McLaren Sleeper [2400 x 200 x 100 mm] - Charcoal
SL-2400-200-130-RFC-OS,OS Sleeper Rockface 2400x200x130mm [CHAR],[Outback Sleepers] McLaren Sleeper [2400 x 200 x 130 mm] - Charcoal
SL-2400-200-80-RFS-OS,OS Sleeper Rockface 2400x200x80mm [SAND],[Outback Sleepers] Cove Sleeper [2400 x 200 x 80 mm] - Sandstone
SL-2400-200-100-RFS-OS,OS Sleeper Rockface 2400x200x100mm [SAND],[Outback Sleepers] Cove Sleeper [2400 x 200 x 100 mm] - Sandstone
SL-2400-200-130-RFS-OS,OS Sleeper Rockface 2400x200x130mm [SAND],[Outback Sleepers] Cove Sleeper [2400 x 200 x 130 mm] - Sandstone
SL-2400-200-80-CHA-OS,OS Sleeper Plain Charcoal 2400x200x80mm [CHAR],[Outback Sleepers] Blackwood Sleeper [2400 x 200 x 80 mm] - Charcoal
SL-2400-200-100-CHA-OS,OS Sleeper Plain Charcoal 2400x200x100mm [CHAR],[Outback Sleepers] Blackwood Sleeper [2400 x 200 x 100 mm] - Charcoal
SL-2400-200-130-CHA-OS,OS Sleeper Plain Charcoal 2400x200x130mm [CHAR],[Outback Sleepers] Blackwood Sleeper [2400 x 200 x 130 mm] - Charcoal
SL-2400-200-80-GRY-OS,OS Sleeper Plain Grey 2400x200x80mm [GREY],[Outback Sleepers] Lonsdale Sleeper [2400 x 200 x 80 mm] - Grey
SL-2400-200-100-GRY-OS,OS Sleeper Plain Grey 2400x200x100mm [GREY],[Outback Sleepers] Lonsdale Sleeper [2400 x 200 x 100 mm] - Grey
SL-2400-200-130-GRY-OS,OS Sleeper Plain Grey 2400x200x130mm [GREY],[Outback Sleepers] Lonsdale Sleeper [2400 x 200 x 130 mm] - Grey
SL-1500-200-75-CHA-OS,OS Sleeper Plain Charcoal 1500x200x75mm [CHAR],[Outback Sleepers] Blackwood Sleeper [1500 x 200 x 75 mm] - Charcoal
SL-1500-200-100-CHA-OS,OS Sleeper Plain Charcoal 1500x200x100mm [CHAR],[Outback Sleepers] Blackwood Sleeper [1500 x 200 x 100 mm] - Charcoal
SL-1500-200-75-GRY-OS,OS Sleeper Plain Grey 1500x200x75mm [GREY],[Outback Sleepers] Lonsdale Sleeper [1500 x 200 x 75 mm] - Grey
SL-1500-200-100-GRY-OS,OS Sleeper Plain Grey 1500x200x100mm [GREY],[Outback Sleepers] Lonsdale Sleeper [1500 x 200 x 100 mm] - Grey
SL-1800-200-75-CHA-OS,OS Sleeper Plain Charcoal 1800x200x75mm [CHAR],[Outback Sleepers] Blackwood Sleeper [1800 x 200 x 75 mm] - Charcoal
SL-1800-200-100-CHA-OS,OS Sleeper Plain Charcoal 1800x200x100mm [CHAR],[Outback Sleepers] Blackwood Sleeper [1800 x 200 x 100 mm] - Charcoal
SL-1800-200-75-GRY-OS,OS Sleeper Plain Grey 1800x200x75mm [GREY],[Outback Sleepers] Lonsdale Sleeper [1800 x 200 x 75 mm] - Grey
SL-1800-200-100-GRY-OS,OS Sleeper Plain Grey 1800x200x100mm [GREY],[Outback Sleepers] Lonsdale Sleeper [1800 x 200 x 100 mm] - Grey
SL-2350-200-80-CHA-OS,OS Sleeper Plain Charcoal 2350x200x80mm [CHAR],[Outback Sleepers] Blackwood Sleeper [2350 x 200 x 80 mm] - Charcoal
SL-2350-200-100-CHA-OS,OS Sleeper Plain Charcoal 2350x200x100mm [CHAR],[Outback Sleepers] Blackwood Sleeper [2350 x 200 x 100 mm] - Charcoal
SL-2350-200-80-GRY-OS,OS Sleeper Plain Grey 2350x200x80mm [GREY],[Outback Sleepers] Lonsdale Sleeper [2350 x 200 x 80 mm] - Grey
SL-2350-200-100-GRY-OS,OS Sleeper Plain Grey 2350x200x100mm [GREY],[Outback Sleepers] Lonsdale Sleeper [2350 x 200 x 100 mm] - Grey
SL-1000-150-50-SSC-OS,OS Sleeper Stackstone 1000x150x50mm [CHAR],[Outback Sleepers] Slate Sleeper [1000 x 150 x 50 mm] - Charcoal
SL-1000-150-50-WGC-OS,OS Sleeper Woodgrain 1000x150x50mm [CHAR],[Outback Sleepers] Wood Sleeper [1000 x 150 x 50 mm] - Charcoal
UFP-2340-200-50-CHA-OS,OS UFP Plain Charcoal 2340x200x50mm [CHAR],[Outback Sleepers] Blackwood UFP [2340 x 200 x 50 mm] - Charcoal
UFP-2340-200-50-GRY-OS,OS UFP Plain Grey 2340x200x50mm [GREY],[Outback Sleepers] Lonsdale UFP [2340 x 200 x 50 mm] - Grey
UFPC-2340-150-50-CHA-OS,OS UFPC Plain Charcoal 2340x150x50mm [CHAR],[Outback Sleepers] Blackwood UFP Crib [2340 x 150 x 50 mm] - Charcoal
UFPC-2340-150-50-GRY-OS,OS UFPC Plain Grey 2340x150x50mm [GREY],[Outback Sleepers] Lonsdale UFP Crib [2340 x 150 x 50 mm] - Grey
UFPR-2355-200-65-50-CHA-OS,OS UFP Plain Charcoal 2355x200x65-50mm [CHAR],[Outback Sleepers] Blackwood UFP [2355 x 200 x 65-50 mm] - Charcoal
UFPR-2355-200-65-50-GRY-OS,OS UFP Plain Grey 2355x200x65-50mm [GREY],[Outback Sleepers] Lonsdale UFP [2355 x 200 x 65-50 mm] - Grey
UFPCR-2355-100-65-50-CHA-OS,OS UFPCR Plain Charcoal 2355x100x65-50mm [CHAR],[Outback Sleepers] Blackwood UFP Crib [2355 x 100 x 65-50 mm] - Charcoal
UFPCR-2355-100-65-50-GRY-OS,OS UFPCR Plain Grey 2355x100x65-50mm [GREY],[Outback Sleepers] Lonsdale UFP Crib [2355 x 100 x 65-50 mm] - Grey
SLC-2000-100-100-SSC-OS,OS Sleeper Crib Stackstone 2000x100x100mm [CHAR],[Outback Sleepers] Kensington Crib [2000 x 100 x 100 mm] - Charcoal
SLC-2000-100-100-WGC-OS,OS Sleeper Crib Woodgrain 2000x100x100mm [CHAR],[Outback Sleepers] Ashwood Crib [2000 x 100 x 100 mm] - Charcoal
SLC-2000-100-100-RFC-OS,OS Sleeper Crib Rockface 2000x100x100mm [CHAR],[Outback Sleepers] McLaren Crib [2000 x 100 x 100 mm] - Charcoal
SLC-2000-100-100-RFS-OS,OS Sleeper Crib Rockface 2000x100x100mm [SAND],[Outback Sleepers] Cove Crib [2000 x 100 x 100 mm] - Sandstone
SLC-2000-100-100-CHA-OS,OS Sleeper Crib Plain 2000x100x100mm [CHAR],[Outback Sleepers] Blackwood Crib [2000 x 100 x 100 mm] - Charcoal
SLC-2000-100-100-GRY-OS,OS Sleeper Crib Plain 2000x100x100mm [GREY],[Outback Sleepers] Lonsdale Crib [2000 x 100 x 100 mm] - Grey
SLC-2400-100-100-SSC-OS,OS Sleeper Crib Stackstone 2400x100x100mm [CHAR],[Outback Sleepers] Kensington Crib [2400 x 100 x 100 mm] - Charcoal
SLC-2400-100-100-WGC-OS,OS Sleeper Crib Woodgrain 2400x100x100mm [CHAR],[Outback Sleepers] Ashwood Crib [2400 x 100 x 100 mm] - Charcoal
SLC-2400-100-100-RFC-OS,OS Sleeper Crib Rockface 2400x100x100mm [CHAR],[Outback Sleepers] McLaren Crib [2400 x 100 x 100 mm] - Charcoal
SLC-2400-100-100-RFS-OS,OS Sleeper Crib Rockface 2400x100x100mm [SAND],[Outback Sleepers] Cove Crib [2400 x 100 x 100 mm] - Sandstone
SLC-2400-100-100-CHA-OS,OS Sleeper Crib Plain 2400x100x100mm [CHAR],[Outback Sleepers] Blackwood Crib [2400 x 100 x 100 mm] - Charcoal
SLC-2400-100-100-GRY-OS,OS Sleeper Crib Plain 2400x100x100mm [GREY],[Outback Sleepers] Lonsdale Crib [2400 x 100 x 100 mm] - Grey
SKWO-2000-SSC-OS,OS Step Kit Stackstone 2.0m [CHAR],[Outback Sleepers] Kensington Step Kits [2.0m Wide Opening] - Charcoal
SKWO-2000-WGC-OS,OS Step Kit Woodgrain 2.0m [CHAR],[Outback Sleepers] Ashwood Step Kits [2.0m Wide Opening] - Charcoal
SKWO-2000-RFC-OS,OS Step Kit Rockface 2.0m [CHAR],[Outback Sleepers] McLaren Step Kits [2.0m Wide Opening] - Charcoal
SKWO-2000-RFS-OS,OS Step Kit Rockface 2.0m [SAND],[Outback Sleepers] Cove Step Kits [2.0m Wide Opening] - Sandstone
SKWO-2000-CHA-OS,OS Step Kit Plain Charcoal 2.0m [CHAR],[Outback Sleepers] Blackwood Step Kits [2.0m Wide Opening] - Charcoal
SKWO-2000-GRY-OS,OS Step Kit Plain Grey 2.0m [GREY],[Outback Sleepers] Lonsdale Step Kits [2.0m Wide Opening] - Grey
SKWO-2400-SSC-OS,OS Step Kit Stackstone 2.4m [CHAR],[Outback Sleepers] Kensington Step Kits [2.4m Wide Opening] - Charcoal
SKWO-2400-WGC-OS,OS Step Kit Woodgrain 2.4m [CHAR],[Outback Sleepers] Ashwood Step Kits [2.4m Wide Opening] - Charcoal
SKWO-2400-RFC-OS,OS Step Kit Rockface 2.4m [CHAR],[Outback Sleepers] McLaren Step Kits [2.4m Wide Opening] - Charcoal
SKWO-2400-RFS-OS,OS Step Kit Rockface 2.4m [SAND],[Outback Sleepers] Cove Step Kits [2.4m Wide Opening] - Sandstone
SKWO-2400-CHA-OS,OS Step Kit Plain Charcoal 2.4m [CHAR],[Outback Sleepers] Blackwood Step Kits [2.4m Wide Opening] - Charcoal
SKWO-2400-GRY-OS,OS Step Kit Plain Grey 2.4m [GREY],[Outback Sleepers] Lonsdale Step Kits [2.4m Wide Opening] - Grey
SKT-2000-SND-OS,OS Step Kit Tread 2.0m 2000x200x100 [SAND],[Outback Sleepers] Step Kits Treads [2.0m] - Sandstone
SKT-2000-CHA-OS,OS Step Kit Tread 2.0m 2000x200x100 [CHAR],[Outback Sleepers] Step Kits Treads [2.0m] - Charcoal
SKT-2000-GRY-OS,OS Step Kit Tread 2.0m 2000x200x100 [GREY],[Outback Sleepers] Step Kits Treads [2.0m] - Grey
SKT-2400-SND-OS,OS Step Kit Tread 2.4m 2400x200x100 [SAND],[Outback Sleepers] Step Kits Treads [2.4m] - Sandstone
SKT-2400-CHA-OS,OS Step Kit Tread 2.4m 2400x200x100 [CHAR],[Outback Sleepers] Step Kits Treads [2.4m] - Charcoal
SKT-2400-GRY-OS,OS Step Kit Tread 2.4m 2400x200x100 [GREY],[Outback Sleepers] Step Kits Treads [2.4m] - Grey
SL-2000-200-80-SSC-SC,SC Sleeper Stackstone 2000x200x80mm [CHAR],[Silvercrete] Titan Sleeper [2000 x 200 x 80 mm] - Charcoal
SL-2000-200-100-SSC-SC,SC Sleeper Stackstone 2000x200x100mm [CHAR],[Silvercrete] Titan Sleeper [2000 x 200 x 100 mm] - Charcoal
SL-2000-200-130-SSC-SC,SC Sleeper Stackstone 2000x200x130mm [CHAR],[Silvercrete] Titan Sleeper [2000 x 200 x 130 mm] - Charcoal
SL-2000-200-80-WGC-SC,SC Sleeper Woodgrain 2000x200x80mm [CHAR],[Silvercrete] Pluto Sleeper [2000 x 200 x 80 mm] - Charcoal
SL-2000-200-100-WGC-SC,SC Sleeper Woodgrain 2000x200x100mm [CHAR],[Silvercrete] Pluto Sleeper [2000 x 200 x 100 mm] - Charcoal
SL-2000-200-130-WGC-SC,SC Sleeper Woodgrain 2000x200x130mm [CHAR],[Silvercrete] Pluto Sleeper [2000 x 200 x 130 mm] - Charcoal
SL-2000-200-80-RFC-SC,SC Sleeper Rockface 2000x200x80mm [CHAR],[Silvercrete] Asteroid Sleeper [2000 x 200 x 80 mm] - Charcoal
SL-2000-200-100-RFC-SC,SC Sleeper Rockface 2000x200x100mm [CHAR],[Silvercrete] Asteroid Sleeper [2000 x 200 x 100 mm] - Charcoal
SL-2000-200-130-RFC-SC,SC Sleeper Rockface 2000x200x130mm [CHAR],[Silvercrete] Asteroid Sleeper [2000 x 200 x 130 mm] - Charcoal
SL-2000-200-80-RFS-SC,SC Sleeper Rockface 2000x200x80mm [SAND],[Silvercrete] Nova Sleeper [2000 x 200 x 80 mm] - Sandstone
SL-2000-200-100-RFS-SC,SC Sleeper Rockface 2000x200x100mm [SAND],[Silvercrete] Nova Sleeper [2000 x 200 x 100 mm] - Sandstone
SL-2000-200-130-RFS-SC,SC Sleeper Rockface 2000x200x130mm [SAND],[Silvercrete] Nova Sleeper [2000 x 200 x 130 mm] - Sandstone
SL-2000-200-80-SND-SC,SC Sleeper Plain Sandstone 2000x200x80mm [SAND],[Silvercrete] Saturn Sleeper [2000 x 200 x 80 mm] - Sandstone
SL-2000-200-100-SND-SC,SC Sleeper Plain Sandstone 2000x200x100mm [SAND],[Silvercrete] Saturn Sleeper [2000 x 200 x 100 mm] - Sandstone
SL-2000-200-130-SND-SC,SC Sleeper Plain Sandstone 2000x200x130mm [SAND],[Silvercrete] Saturn Sleeper [2000 x 200 x 130 mm] - Sandstone
SL-2000-200-80-CHA-SC,SC Sleeper Plain Charcoal 2000x200x80mm [CHAR],[Silvercrete] Galaxy Sleeper [2000 x 200 x 80 mm] - Charcoal
SL-2000-200-100-CHA-SC,SC Sleeper Plain Charcoal 2000x200x100mm [CHAR],[Silvercrete] Galaxy Sleeper [2000 x 200 x 100 mm] - Charcoal
SL-2000-200-130-CHA-SC,SC Sleeper Plain Charcoal 2000x200x130mm [CHAR],[Silvercrete] Galaxy Sleeper [2000 x 200 x 130 mm] - Charcoal
SL-2000-200-80-GRY-SC,SC Sleeper Plain Grey 2000x200x80mm [GREY],[Silvercrete] Comet Sleeper [2000 x 200 x 80 mm] - Grey
SL-2000-200-100-GRY-SC,SC Sleeper Plain Grey 2000x200x100mm [GREY],[Silvercrete] Comet Sleeper [2000 x 200 x 100 mm] - Grey
SL-2000-200-130-GRY-SC,SC Sleeper Plain Grey 2000x200x130mm [GREY],[Silvercrete] Comet Sleeper [2000 x 200 x 130 mm] - Grey
SL-2340-200-80-SND-SC,SC Sleeper Plain Sandstone 2340x200x80mm [SAND],[Silvercrete] Saturn Sleeper [2340 x 200 x 80 mm] - Sandstone
SL-2340-200-100-SND-SC,SC Sleeper Plain Sandstone 2340x200x100mm [SAND],[Silvercrete] Saturn Sleeper [2340 x 200 x 100 mm] - Sandstone
SL-2340-200-130-SND-SC,SC Sleeper Plain Sandstone 2340x200x130mm [SAND],[Silvercrete] Saturn Sleeper [2340 x 200 x 130 mm] - Sandstone
SL-2340-200-80-CHA-SC,SC Sleeper Plain Charcoal 2340x200x80mm [CHAR],[Silvercrete] Galaxy Sleeper [2340 x 200 x 80 mm] - Charcoal
SL-2340-200-100-CHA-SC,SC Sleeper Plain Charcoal 2340x200x100mm [CHAR],[Silvercrete] Galaxy Sleeper [2340 x 200 x 100 mm] - Charcoal
SL-2340-200-130-CHA-SC,SC Sleeper Plain Charcoal 2340x200x130mm [CHAR],[Silvercrete] Galaxy Sleeper [2340 x 200 x 130 mm] - Charcoal
SL-2340-200-80-GRY-SC,SC Sleeper Plain Grey 2340x200x80mm [GREY],[Silvercrete] Comet Sleeper [2340 x 200 x 80 mm] - Grey
SL-2340-200-100-GRY-SC,SC Sleeper Plain Grey 2340x200x100mm [GREY],[Silvercrete] Comet Sleeper [2340 x 200 x 100 mm] - Grey
SL-2340-200-130-GRY-SC,SC Sleeper Plain Grey 2340x200x130mm [GREY],[Silvercrete] Comet Sleeper [2340 x 200 x 130 mm] - Grey
SL-2400-200-80-SSC-SC,SC Sleeper Stackstone 2400x200x80mm [CHAR],[Silvercrete] Titan Sleeper [2400 x 200 x 80 mm] - Charcoal
SL-2400-200-100-SSC-SC,SC Sleeper Stackstone 2400x200x100mm [CHAR],[Silvercrete] Titan Sleeper [2400 x 200 x 100 mm] - Charcoal
SL-2400-200-130-SSC-SC,SC Sleeper Stackstone 2400x200x130mm [CHAR],[Silvercrete] Titan Sleeper [2400 x 200 x 130 mm] - Charcoal
SL-2400-200-80-WGC-SC,SC Sleeper Woodgrain 2400x200x80mm [CHAR],[Silvercrete] Pluto Sleeper [2400 x 200 x 80 mm] - Charcoal
SL-2400-200-100-WGC-SC,SC Sleeper Woodgrain 2400x200x100mm [CHAR],[Silvercrete] Pluto Sleeper [2400 x 200 x 100 mm] - Charcoal
SL-2400-200-130-WGC-SC,SC Sleeper Woodgrain 2400x200x130mm [CHAR],[Silvercrete] Pluto Sleeper [2400 x 200 x 130 mm] - Charcoal
SL-2400-200-80-RFC-SC,SC Sleeper Rockface 2400x200x80mm [CHAR],[Silvercrete] Asteroid Sleeper [2400 x 200 x 80 mm] - Charcoal
SL-2400-200-100-RFC-SC,SC Sleeper Rockface 2400x200x100mm [CHAR],[Silvercrete] Asteroid Sleeper [2400 x 200 x 100 mm] - Charcoal
SL-2400-200-130-RFC-SC,SC Sleeper Rockface 2400x200x130mm [CHAR],[Silvercrete] Asteroid Sleeper [2400 x 200 x 130 mm] - Charcoal
SL-2400-200-80-RFS-SC,SC Sleeper Rockface 2400x200x80mm [SAND],[Silvercrete] Nova Sleeper [2400 x 200 x 80 mm] - Sandstone
SL-2400-200-100-RFS-SC,SC Sleeper Rockface 2400x200x100mm [SAND],[Silvercrete] Nova Sleeper [2400 x 200 x 100 mm] - Sandstone
SL-2400-200-130-RFS-SC,SC Sleeper Rockface 2400x200x130mm [SAND],[Silvercrete] Nova Sleeper [2400 x 200 x 130 mm] - Sandstone
SL-2400-200-80-SND-SC,SC Sleeper Plain Sandstone 2400x200x80mm [SAND],[Silvercrete] Saturn Sleeper [2400 x 200 x 80 mm] - Sandstone
SL-2400-200-100-SND-SC,SC Sleeper Plain Sandstone 2400x200x100mm [SAND],[Silvercrete] Saturn Sleeper [2400 x 200 x 100 mm] - Sandstone
SL-2400-200-130-SND-SC,SC Sleeper Plain Sandstone 2400x200x130mm [SAND],[Silvercrete] Saturn Sleeper [2400 x 200 x 130 mm] - Sandstone
SL-2400-200-80-CHA-SC,SC Sleeper Plain Charcoal 2400x200x80mm [CHAR],[Silvercrete] Galaxy Sleeper [2400 x 200 x 80 mm] - Charcoal
SL-2400-200-100-CHA-SC,SC Sleeper Plain Charcoal 2400x200x100mm [CHAR],[Silvercrete] Galaxy Sleeper [2400 x 200 x 100 mm] - Charcoal
SL-2400-200-130-CHA-SC,SC Sleeper Plain Charcoal 2400x200x130mm [CHAR],[Silvercrete] Galaxy Sleeper [2400 x 200 x 130 mm] - Charcoal
SL-2400-200-80-GRY-SC,SC Sleeper Plain Grey 2400x200x80mm [GREY],[Silvercrete] Comet Sleeper [2400 x 200 x 80 mm] - Grey
SL-2400-200-100-GRY-SC,SC Sleeper Plain Grey 2400x200x100mm [GREY],[Silvercrete] Comet Sleeper [2400 x 200 x 100 mm] - Grey
SL-2400-200-130-GRY-SC,SC Sleeper Plain Grey 2400x200x130mm [GREY],[Silvercrete] Comet Sleeper [2400 x 200 x 130 mm] - Grey
SL-3000-200-100-SND-SC,SC Sleeper Plain Sandstone 3000x200x100mm [SAND],[Silvercrete] Saturn Sleeper [3000 x 200 x 100 mm] - Sandstone
SL-3000-200-150-SND-SC,SC Sleeper Plain Sandstone 3000x200x150mm [SAND],[Silvercrete] Saturn Sleeper [3000 x 200 x 150 mm] - Sandstone
SL-3000-200-100-CHA-SC,SC Sleeper Plain Charcoal 3000x200x100mm [CHAR],[Silvercrete] Galaxy Sleeper [3000 x 200 x 100 mm] - Charcoal
SL-3000-200-150-CHA-SC,SC Sleeper Plain Charcoal 3000x200x150mm [CHAR],[Silvercrete] Galaxy Sleeper [3000 x 200 x 150 mm] - Charcoal
SL-3000-200-100-GRY-SC,SC Sleeper Plain Grey 3000x200x100mm [GREY],[Silvercrete] Comet Sleeper [3000 x 200 x 100 mm] - Grey
SL-3000-200-150-GRY-SC,SC Sleeper Plain Grey 3000x200x150mm [GREY],[Silvercrete] Comet Sleeper [3000 x 200 x 150 mm] - Grey
SLT-2000-100-200-100-CHA-SC,SC Sleeper Tapered 2000x100-200x100mm [CHAR],[Silvercrete] Galaxy Sleeper Tapered [2000 x 100-200 x 200 mm] - Charcoal
SLT-2000-100-200-100-GRY-SC,SC Sleeper Tapered 2000x100-200x100mm [GREY],[Silvercrete] Comet Sleeper Tapered [2000 x 100-200 x 200 mm] - Grey
SLT-2000-100-200-100-SND-SC,SC Sleeper Tapered 2000x100-200x100mm [SAND],[Silvercrete] Saturn Sleeper Tapered [2000 x 100-200 x 200 mm] - Sandstone
SLT-2400-100-200-100-CHA-SC,SC Sleeper Tapered 2400x100-200x100mm [CHAR],[Silvercrete] Galaxy Sleeper Tapered [2400 x 100-200 x 200 mm] - Charcoal
SLT-2400-100-200-100-GRY-SC,SC Sleeper Tapered 2400x100-200x100mm [GREY],[Silvercrete] Comet Sleeper Tapered [2400 x 100-200 x 200 mm] - Grey
SLT-2400-100-200-100-SND-SC,SC Sleeper Tapered 2400x100-200x100mm [SAND],[Silvercrete] Saturn Sleeper Tapered [2400 x 100-200 x 200 mm] - Sandstone
UFP-G-2340-100-50-CHA-SC,SC UFP Good 2340x100x50 [CHAR],[Silvercrete] Galaxy Good Neighbour UFP [2340x100x50] - Charcoal
UFP-G-2340-150-50-CHA-SC,SC UFP Good 2340x150x50 [CHAR],[Silvercrete] Galaxy Good Neighbour UFP [2340x150x50] - Charcoal
UFP-G-2340-200-50-CHA-SC,SC UFP Good 2340x200x50 [CHAR],[Silvercrete] Galaxy Good Neighbour UFP [2340x200x50] - Charcoal
UFP-G-2340-100-50-GRY-SC,SC UFP Good 2340x100x50 [GREY],[Silvercrete] Comet Good Neighbour UFP [2340x100x50] - Grey
UFP-G-2340-150-50-GRY-SC,SC UFP Good 2340x150x50 [GREY],[Silvercrete] Comet Good Neighbour UFP [2340x150x50] - Grey
UFP-G-2340-200-50-GRY-SC,SC UFP Good 2340x200x50 [GREY],[Silvercrete] Comet Good Neighbour UFP [2340x200x50] - Grey
UFP-G-2370-100-50-CHA-SC,SC UFP Good 2370x100x50 [CHAR],[Silvercrete] Galaxy Good Neighbour UFP [2370x100x50] - Charcoal
UFP-G-2370-150-50-CHA-SC,SC UFP Good 2370x150x50 [CHAR],[Silvercrete] Galaxy Good Neighbour UFP [2370x150x50] - Charcoal
UFP-G-2370-200-50-CHA-SC,SC UFP Good 2370x200x50 [CHAR],[Silvercrete] Galaxy Good Neighbour UFP [2370x200x50] - Charcoal
UFP-G-2370-100-50-GRY-SC,SC UFP Good 2370x100x50 [GREY],[Silvercrete] Comet Good Neighbour UFP [2370x100x50] - Grey
UFP-G-2370-150-50-GRY-SC,SC UFP Good 2370x150x50 [GREY],[Silvercrete] Comet Good Neighbour UFP [2370x150x50] - Grey
UFP-G-2370-200-50-GRY-SC,SC UFP Good 2370x200x50 [GREY],[Silvercrete] Comet Good Neighbour UFP [2370x200x50] - Grey
UFP-GR-2340-100-75-50-GRY-SC,SC UFP Good Rebated Plain 2340x100x75-50 [GREY],[Silvercrete] Comet Good Neighbour UFP Rebated [2340x100x50] - Grey
UFP-GR-2340-200-75-50-GRY-SC,SC UFP Good Rebated Plain 2340x200x75-50 [GREY],[Silvercrete] Comet Good Neighbour UFP Rebated [2340x200x50] - Grey
UFP-GR-2340-100-75-50-CHA-SC,SC UFP Good Rebated Plain 2340x100x75-50 [CHAR],[Silvercrete] Comet Good Neighbour UFP Rebated [2340x100x50] - Charcoal
UFP-GR-2340-200-75-50-CHA-SC,SC UFP Good Rebated Plain 2340x200x75-50 [CHAR],[Silvercrete] Comet Good Neighbour UFP Rebated [2340x200x50] - Charcoal
UFP-GR-2370-200-75-50-GRY-SC,SC UFP Good Rebated Plain 2370x200x75-50 [GREY],[Silvercrete] Comet Good Neighbour UFP Rebated [2370x200x50] - Grey
UFP-GR-2370-200-75-50-CHA-SC,SC UFP Good Rebated Plain 2370x200x75-50 [CHAR],[Silvercrete] Comet Good Neighbour UFP Rebated [2370x200x50] - Charcoal
UFP-N-2340-100-50-CHA-SC,SC UFP Naughty Plain 2340x100x50 [CHAR],[Silvercrete] Galaxy Naughty Neighbour UFP [2340x100x50] - Charcoal
UFP-N-2340-200-50-CHA-SC,SC UFP Naughty Plain 2340x200x50 [CHAR],[Silvercrete] Galaxy Naughty Neighbour UFP [2340x200x50] - Charcoal
UFP-N-2340-100-50-GRY-SC,SC UFP Naughty Plain 2340x100x50 [GREY],[Silvercrete] Comet Naughty Neighbour UFP [2340x100x50] - Grey
UFP-N-2340-200-50-GRY-SC,SC UFP Naughty Plain 2340x200x50 [GREY],[Silvercrete] Comet Naughty Neighbour UFP [2340x200x50] - Grey
UFP-N-2340-100-50-SND-SC,SC UFP Naughty Plain 2340x100x50 [SAND],[Silvercrete] Saturn Naughty Neighbour UFP [2340x100x50] - Sandstone
UFP-N-2340-200-50-SND-SC,SC UFP Naughty Plain 2340x200x50 [SAND],[Silvercrete] Saturn Naughty Neighbour UFP [2340x200x50] - Sandstone
UFP-N-2340-200-50-SSC-SC,SC UFP Naughty Stackstone 2340x200x50 [CHAR],[Silvercrete] Titan Naughty Neighbour UFP [2340x200x50] - Charcoal
UFP-N-2370-100-50-CHA-SC,SC UFP Naughty Plain 2370x100x50 [CHAR],[Silvercrete] Galaxy Naughty Neighbour UFP [2370x100x50] - Charcoal
UFP-N-2370-200-50-CHA-SC,SC UFP Naughty Plain 2370x200x50 [CHAR],[Silvercrete] Galaxy Naughty Neighbour UFP [2370x200x50] - Charcoal
UFP-N-2370-100-50-GRY-SC,SC UFP Naughty Plain 2370x100x50 [GREY],[Silvercrete] Comet Naughty Neighbour UFP [2370x100x50] - Grey
UFP-N-2370-200-50-GRY-SC,SC UFP Naughty Plain 2370x200x50 [GREY],[Silvercrete] Comet Naughty Neighbour UFP [2370x200x50] - Grey
UFP-N-2370-100-50-SND-SC,SC UFP Naughty Plain 2370x100x50 [SAND],[Silvercrete] Saturn Naughty Neighbour UFP [2370x100x50] - Sandstone
UFP-N-2370-200-50-SND-SC,SC UFP Naughty Plain 2370x200x50 [SAND],[Silvercrete] Saturn Naughty Neighbour UFP [2370x200x50] - Sandstone
UFP-N-2370-200-50-SSC-SC,SC UFP Naughty Stackstone 2370x200x50 [CHAR],[Silvercrete] Titan Naughty Neighbour UFP [2370x200x50] - Charcoal
UFP-N-3000-200-50-CHA-SC,SC UFP Naughty Plain 3000x200x50 [CHAR],[Silvercrete] Galaxy Naughty Neighbour UFP [3000x200x50] - Charcoal
UFP-N-3000-200-50-GRY-SC,SC UFP Naughty Plain 3000x200x50 [GREY],[Silvercrete] Galaxy Naughty Neighbour UFP [3000x200x50] - Grey
UFP-N-3000-200-50-SND-SC,SC UFP Naughty Plain 3000x200x50 [SAND],[Silvercrete] Comet Naughty Neighbour UFP [3000x200x50] - Sandstone
SLC-2000-100-100-RFC-SC,SC Sleeper Crib Stackstone 2000x100x100mm [CHAR],[Silvercrete] Titan Crib [2000 x 100 x 100 mm] - Charcoal
SLC-2000-100-100-RFS-SC,SC Sleeper Crib Rockface 2000x100x100mm [SAND],[Silvercrete] Nova Crib [2000 x 100 x 100 mm] - Sandstone
SLC-2000-100-100-CHA-SC,SC Sleeper Crib Plain 2000x100x100mm [CHAR],[Silvercrete] Galaxy Crib [2000 x 100 x 100 mm] - Charcoal
SLC-2000-100-100-GRY-SC,SC Sleeper Crib Plain 2000x100x100mm [GREY],[Silvercrete] Comet Crib [2000 x 100 x 100 mm] - Grey
SLC-2400-100-100-SSC-SC,SC Sleeper Crib Stackstone 2400x100x100mm [CHAR],[Silvercrete] Titan Crib [2400 x 100 x 100 mm] - Charcoal
SLC-2400-100-100-RFS-SC,SC Sleeper Crib Rockface 2400x100x100mm [SAND],[Silvercrete] Nova Crib [2400 x 100 x 100 mm] - Sandstone
SLC-2400-100-100-CHA-SC,SC Sleeper Crib Plain 2400x100x100mm [CHAR],[Silvercrete] Galaxy Crib [2400 x 100 x 100 mm] - Charcoal
SLC-2400-100-100-GRY-SC,SC Sleeper Crib Plain 2400x100x100mm [GREY],[Silvercrete] Comet Crib [2400 x 100 x 100 mm] - Grey
ST-120-0600-UB,Galv Steel 120UB65 600mm I Beam,Galvanised Steel 120UB65 @ 0600mm [I Beam]
ST-120-0800-UB,Galv Steel 120UB65 800mm I Beam,Galvanised Steel 120UB65 @ 0800mm [I Beam]
ST-120-1000-UB,Galv Steel 120UB65 1000mm I Beam,Galvanised Steel 120UB65 @ 1000mm [I Beam]
ST-120-1200-UB,Galv Steel 120UB65 1200mm I Beam,Galvanised Steel 120UB65 @ 1200mm [I Beam]
ST-120-1400-UB,Galv Steel 120UB65 1400mm I Beam,Galvanised Steel 120UB65 @ 1400mm [I Beam]
ST-120-1600-UB,Galv Steel 120UB65 1600mm I Beam,Galvanised Steel 120UB65 @ 1600mm [I Beam]
ST-120-1800-UB,Galv Steel 120UB65 1800mm I Beam,Galvanised Steel 120UB65 @ 1800mm [I Beam]
ST-120-2000-UB,Galv Steel 120UB65 2000mm I Beam,Galvanised Steel 120UB65 @ 2000mm [I Beam]
ST-120-2200-UB,Galv Steel 120UB65 2200mm I Beam,Galvanised Steel 120UB65 @ 2200mm [I Beam]
ST-120-2400-UB,Galv Steel 120UB65 2400mm I Beam,Galvanised Steel 120UB65 @ 2400mm [I Beam]
ST-125-0600-UC,Galv Steel 125x65 600mm C Channel,Galvanised Steel 125x65 @ 0600mm [Channel]
ST-125-0800-UC,Galv Steel 125x65 800mm C Channel,Galvanised Steel 125x65 @ 0800mm [Channel]
ST-125-1000-UC,Galv Steel 125x65 1000mm C Channel,Galvanised Steel 125x65 @ 1000mm [Channel]
ST-125-1200-UC,Galv Steel 125x65 1200mm C Channel,Galvanised Steel 125x65 @ 1200mm [Channel]
ST-125-1400-UC,Galv Steel 125x65 1400mm C Channel,Galvanised Steel 125x65 @ 1400mm [Channel]
ST-125-1600-UC,Galv Steel 125x65 1600mm C Channel,Galvanised Steel 125x65 @ 1600mm [Channel]
ST-125-1800-UC,Galv Steel 125x65 1800mm C Channel,Galvanised Steel 125x65 @ 1800mm [Channel]
ST-125-2000-UC,Galv Steel 125x65 2000mm C Channel,Galvanised Steel 125x65 @ 2000mm [Channel]
ST-125-2200-UC,Galv Steel 125x65 2200mm C Channel,Galvanised Steel 125x65 @ 2200mm [Channel]
ST-125-2400-UC,Galv Steel 125x65 2400mm C Channel,Galvanised Steel 125x65 @ 2400mm [Channel]
ST-150-0600-UB,Galv Steel 150UB14 600mm I Beam,Galvanised Steel 150UB14 @ 0600mm [I Beam]
ST-150-0800-UB,Galv Steel 150UB14 800mm I Beam,Galvanised Steel 150UB14 @ 0800mm [I Beam]
ST-150-1000-UB,Galv Steel 150UB14 1000mm I Beam,Galvanised Steel 150UB14 @ 1000mm [I Beam]
ST-150-1200-UB,Galv Steel 150UB14 1200mm I Beam,Galvanised Steel 150UB14 @ 1200mm [I Beam]
ST-150-1400-UB,Galv Steel 150UB14 1400mm I Beam,Galvanised Steel 150UB14 @ 1400mm [I Beam]
ST-150-1600-UB,Galv Steel 150UB14 1600mm I Beam,Galvanised Steel 150UB14 @ 1600mm [I Beam]
ST-150-1800-UB,Galv Steel 150UB14 1800mm I Beam,Galvanised Steel 150UB14 @ 1800mm [I Beam]
ST-150-2000-UB,Galv Steel 150UB14 2000mm I Beam,Galvanised Steel 150UB14 @ 2000mm [I Beam]
ST-150-2200-UB,Galv Steel 150UB14 2200mm I Beam,Galvanised Steel 150UB14 @ 2200mm [I Beam]
ST-150-2400-UB,Galv Steel 150UB14 2400mm I Beam,Galvanised Steel 150UB14 @ 2400mm [I Beam]
ST-150-2600-UB,Galv Steel 150UB14 2600mm I Beam,Galvanised Steel 150UB14 @ 2600mm [I Beam]
ST-150-2800-UB,Galv Steel 150UB14 2800mm I Beam,Galvanised Steel 150UB14 @ 2800mm [I Beam]
ST-150-3000-UB,Galv Steel 150UB14 3000mm I Beam,Galvanised Steel 150UB14 @ 3000mm [I Beam]
ST-150-3200-UB,Galv Steel 150UB14 3200mm I Beam,Galvanised Steel 150UB14 @ 3200mm [I Beam]
ST-150-3400-UB,Galv Steel 150UB14 3400mm I Beam,Galvanised Steel 150UB14 @ 3400mm [I Beam]
ST-150-3600-UB,Galv Steel 150UB14 3600mm I Beam,Galvanised Steel 150UB14 @ 3600mm [I Beam]
ST-150-3800-UB,Galv Steel 150UB14 3800mm I Beam,Galvanised Steel 150UB14 @ 3800mm [I Beam]
ST-150-0600-UC,Galv Steel 150x75 600mm C Channel,Galvanised Steel 150x75 @ 0600mm [Channel]
ST-150-0800-UC,Galv Steel 150x75 800mm C Channel,Galvanised Steel 150x75 @ 0800mm [Channel]
ST-150-1000-UC,Galv Steel 150x75 1000mm C Channel,Galvanised Steel 150x75 @ 1000mm [Channel]
ST-150-1200-UC,Galv Steel 150x75 1200mm C Channel,Galvanised Steel 150x75 @ 1200mm [Channel]
ST-150-1400-UC,Galv Steel 150x75 1400mm C Channel,Galvanised Steel 150x75 @ 1400mm [Channel]
ST-150-1600-UC,Galv Steel 150x75 1600mm C Channel,Galvanised Steel 150x75 @ 1600mm [Channel]
ST-150-1800-UC,Galv Steel 150x75 1800mm C Channel,Galvanised Steel 150x75 @ 1800mm [Channel]
ST-150-2000-UC,Galv Steel 150x75 2000mm C Channel,Galvanised Steel 150x75 @ 2000mm [Channel]
ST-150-2200-UC,Galv Steel 150x75 2200mm C Channel,Galvanised Steel 150x75 @ 2200mm [Channel]
ST-150-2400-UC,Galv Steel 150x75 2400mm C Channel,Galvanised Steel 150x75 @ 2400mm [Channel]
ST-150-2600-UC,Galv Steel 150x75 2600mm C Channel,Galvanised Steel 150x75 @ 2600mm [Channel]
ST-150-2800-UC,Galv Steel 150x75 2800mm C Channel,Galvanised Steel 150x75 @ 2800mm [Channel]
ST-150-3000-UC,Galv Steel 150x75 3000mm C Channel,Galvanised Steel 150x75 @ 3000mm [Channel]
ST-150-3200-UC,Galv Steel 150x75 3200mm C Channel,Galvanised Steel 150x75 @ 3200mm [Channel]
ST-150-3400-UC,Galv Steel 150x75 3400mm C Channel,Galvanised Steel 150x75 @ 3400mm [Channel]
ST-150-3600-UC,Galv Steel 150x75 3600mm C Channel,Galvanised Steel 150x75 @ 3600mm [Channel]
ST-150-3800-UC,Galv Steel 150x75 3800mm C Channel,Galvanised Steel 150x75 @ 3800mm [Channel]
